lat,lon,name,vitality
32.248275, 71.966177,airbase,8
33.503688, 72.862304,runway,10
25.652489, 65.936552,red zone,7
29.387943, 67.012799,ghq,11
30.512825, 70.250923,pma,6
31.992506, 72.598653,nuclear complex,9
30.212677, 70.003907,army depots,8
31.899783, 70.107587,missiles,7
31.268623, 73.441831, city,9